"Station number","River","Location","Catchment area","SAAR 1961-1990 (mm)","SAAR 1941-1970 (mm)"
"1001","Wick","Tarroul","162","930","920"
"2001","Helmsdale","Kilphedir","551","1100","1100"
"2002","Brora","Bruachrobie","434","1200","1200"
"3001","Shin","Lairg","495","1600","1600"
"3002","Carron","Sgodachail","241","1800","2000"
"3003","Oykel","Easter Turnaig","331","1900","2000"
"3004","Cassley","Rosehall","188","2300","2100"
"3005","Shin","Inveran","575","1500","1500"
"3006","Loch Ailsh","Loch Ailsh","44","2600","2200"
"4001","Conon","Moy Bridge","962","1800","1800"
"4003","Alness","Alness","201","1400","1500"
"4004","Blackwater","Contin","337","1600","1700"
"4005","Meig","Glenmeanie","121","2100","2100"
"4006","Bran","Dosmucheran","116","2200","2000"
"4007","Blackwater","Garve","289","1700","1800"
"4008","Newhall Burn","Newhall Bridge","41","780","800"
"4009","Peffery","Strathpeffer STW","17","1100","1100"
"4010","Meig","Loch Beannacharain","71","2400","2300"
"4011","Meig","Corrievuic","58","2500","2400"
"5001","Beauly","Erchless","850","2200","2200"
"5002","Farrar","Struy","311","2200","2100"
"5003","Glass","Kerrow Wood","482","2200","2300"
"5004","Glass","Fasnakyle","278","2200","2400"
"6001","Ness","Ness Castle Farm","1792","1800","1800"
"6003","Moriston","Invermoriston","391","2100","2100"
"6006","Allt Bhlaraidh","Invermoriston","28","1600","1600"
"6007","Ness","Ness-side","1839","1800","1800"
"6008","Enrick","Mill of Tore","106","1300","1300"
"6009","Moriston","Levishie","403","2100","2200"
"6011","Tarff","Ardachy Bridge","76","1600","1700"
"6012","Enrick","White Bridge","56","1300","1400"
"6013","Mill Burn","Dirriebught House","9","780","790"
"7001","Findhorn","Shenachie","416","1200","1400"
"7002","Findhorn","Forres","782","1100","1200"
"7003","Lossie","Sheriffmills","216","830","890"
"7004","Nairn","Firhall","313","940","1100"
"7005","Divie","Dunphail","165","870","920"
"7006","Lossie","Torwinny","20","960","960"
"7007","Black Burn","Monaughty","44","810","880"
"7008","Nairn","Balnafoich","128","1000","1200"
"7009","Mosset Burn","Wardend Bridge","28","800","850"
"7010","Muckle Burn","Brodie","81","810","870"
"7011","Black Burn","Pluscarden Abbey","36","810","870"
"7012","Lossie","Ballachraggan","","940","970"
"8001","Spey","Aberlour","2655","1100","1200"
"8002","Spey","Kinrara","1012","1300","1300"
"8003","Spey","Ruthven Bridge","534","1400","1400"
"8004","Avon","Delnashaugh","543","1100","1200"
"8005","Spey","Boat of Garten","1268","1300","1300"
"8006","Spey","Boat o Brig","2861","1100","1200"
"8007","Spey","Invertruim","400","1400","1400"
"8008","Tromie","Tromie Bridge","130","1400","1500"
"8009","Dulnain","Balnaan Bridge","272","1000","1100"
"8010","Spey","Grantown","1749","1200","1200"
"8011","Livet","Minmore","104","1000","1100"
"8013","Feshie","Feshie Bridge","231","1300","1400"
"8015","Fiddich","Auchindoun","45","1000","1200"
"8016","Conglass Water","Auchriachan","41","1000","1200"
"8017","Burn of Carron","Dailuaine","15","900","890"
"8018","Avon","Tomintoul","185","1300","1400"
"8021","Nethy","Forest Lodge","39","1300","1400"
"9001","Deveron","Avochie","442","990","1100"
"9002","Deveron","Muiresk","955","930","990"
"9003","Isla","Grange","176","900","960"
"9004","Bogie","Redcraig","179","960","1000"
"9005","Allt Deveron","Cabrach","67","1100","1200"
"9006","Deskford Burn","Cullen","47","820","830"
"9007","Forgue Burn","Inverkeithny","88","870","880"
"9008","Burn of Boyne","Scotsmill","53","830","850"
"9009","Idoch Water","Turriff","95","830","910"
"9010","Deveron","Huntly","225","1000","1100"
"10001","Ythan","Ardlethen","448","830","860"
"10002","Ugie","Inverugie","325","810","880"
"10003","Ythan","Ellon","523","830","860"
"11001","Don","Parkhill","1273","880","960"
"11002","Don","Haughton","787","920","1000"
"11003","Don","Bridge of Alford","499","970","1100"
"11004","Urie","Pitcaple","198","870","880"
"11005","Don","Mill of Newe","187","1100","1200"
"11006","Don","Culfork","103","1100","1200"
"12001","Dee","Woodend","1370","1100","1200"
"12002","Dee","Park","1844","1100","1200"
"12003","Dee","Polhollick","690","1200","1300"
"12004","Girnock Burn","Littlemill","30","940","1100"
"12005","Muick","Invermuick","110","1200","1400"
"12006","Gairn","Invergairn","150","1000","1000"
"12007","Dee","Mar Lodge","289","1300","1500"
"12008","Feugh","Heugh Head","229","1100","1200"
"12009","Water of Dye","Charr","42","1300","1300"
"13001","Bervie","Inverbervie","123","890","930"
"13002","Luther Water","Luther Bridge","138","910","920"
"13003","South Esk","Stannochy Bridge","487","1100","1100"
"13004","Prosen Water","Prosen Bridge","104","1200","1200"
"13005","Lunan Water","Kirkton Mill","124","770","810"
"13007","North Esk","Logie Mill","732","1100","1100"
"13008","South Esk","Brechin","488","1100","1100"
"13009","West Water","Dalhouse Bridge","127","1200","1100"
"13010","Brothock Water","Arbroath","50","710","730"
"13012","South Esk","Gella Bridge","130","1400","1400"
"13017","Colliston Burn","Colliston","8","750","780"
"14001","Eden","Kemback","307","800","830"
"14002","Dighty Water","Balmossie Mill","127","800","830"
"14005","Motray Water","St Michaels","60","720","750"
"14006","Monikie Burn","Panbride","16","790","840"
"14007","Craigmill Burn","Craigmill","29","790","840"
"14009","Eden","Strathmiglo","26","930","970"
"14010","Motray Water","Kilmany","33","740","770"
"15001","Isla","Forter","71","1400","1500"
"15002","Newton Burn","Newton","15","1200","1200"
"15003","Tay","Caputh","3210","1600","1600"
"15004","Inzion","Loch of Lintrathen","25","1100","1100"
"15005","Melgan","Loch of Lintrathen","41","1100","1100"
"15006","Tay","Ballathie","4587","1400","1400"
"15007","Tay","Pitnacree","1149","2000","1900"
"15008","Dean Water","Cookston","177","840","880"
"15010","Isla","Wester Cardean","367","1100","1100"
"15011","Lyon","Comrie Bridge","391","2000","1900"
"15012","Tummel","Pitlochry","1670","1500","1500"
"15013","Almond","Almondbank","175","1400","1500"
"15014","Ardle","Kindrogan","103","1100","1300"
"15015","Almond","Newton Bridge","84","1600","1700"
"15016","Tay","Kenmore","601","2100","2100"
"15017","Braan","Ballinloan","197","1300","1500"
"15018","Lyon","Moar","161","2400","2400"
"15021","Lunan Burn","Mill Bank","94","880","910"
"15023","Braan","Hermitage","210","1300","1500"
"15024","Dochart","Killin","239","2500","2400"
"15025","Ericht","Craighall","432","1100","1200"
"15027","Garry Burn","Loakmill","20","950","1000"
"15028","Ordie Burn","Luncarty","54","930","1000"
"15029","Alyth Burn","Pitcrocknie","32","920","960"
"15030","Dean Water","Dean Bridge","230","820","850"
"15032","Ordie Burn","Jackstone","20","990","1100"
"15034","Garry","Killiecrankie","745","1400","1500"
"15035","Tummel","Kinloch Rannoch","647","1800","1700"
"15038","Gaur","Bridge of Gaur","247","2000","2000"
"15039","Tilt","Marble Lodge","165","1300","1600"
"15041","Lyon","Camusvrachan","237","2300","2300"
"15046","Garry Burn","Loakmill","","950","1000"
"16001","Earn","Kinkell Bridge","591","1500","1500"
"16002","Earn","Aberuchill","177","1700","1700"
"16003","Ruchill Water","Cultybraggan","100","1900","1900"
"16004","Earn","Forteviot Bridge","782","1400","1400"
"16007","Ruthven Water","Aberuthven","50","1200","1200"
"17001","Carron","Headswood","122","1500","1500"
"17002","Leven","Leven","424","950","950"
"17003","Bonny Water","Bonnybridge","51","1200","1100"
"17004","Ore","Balfour Mains","162","870","880"
"17005","Avon","Polmonthill","195","990","990"
"17008","South Queich","Kinross","34","1200","1100"
"17012","Red Burn","Castlecary","22","1200","1100"
"17015","North Queich","Lathro","23","1200","1200"
"17016","Lochty Burn","Whinnyhall","14","870","890"
"17018","Greens Burn","Damleys Cottage","11","970","1000"
"18001","Allan Water","Kinbuck","161","1400","1300"
"18002","Devon","Glenochil","181","1300","1400"
"18003","Teith","Bridge of Teith","518","2000","2000"
"18005","Allan Water","Bridge of Allan","210","1300","1300"
"18007","Devon","Fossoway Bridge","70","1600","1700"
"18008","Leny","Anie","190","2200","2300"
"18010","Forth","Gargunnock","397","1600","1600"
"18011","Forth","Craigforth","1036","",""
"18013","Black Devon","Fauld Mill","56","960","970"
"18014","Bannock Burn","Bannockburn","24","1300","1300"
"18015","Eas Gobhain","Loch Venachar","202","2100","2000"
"18016","Kelty Water","Clashmore","3","2200","1900"
"18017","Monachyle Burn","Balquhidder","8","2400","2300"
"18018","Kirkton Burn","Balquhidder","7","2100","2200"
"18019","Comer Burn","Comer","1","2700","2600"
"18020","Loch Ard Burn","Duchray","1","2000","1900"
"18021","Loch Ard Burn","Elrig","1","2000","1800"
"18022","Avon Dhu","Milton","45","2100","2100"
"18023","Monachyle Burn","Upper Monachyle","2","2400","2200"
"19001","Almond","Craigiehall","369","890","910"
"19002","Almond","Almond Weir","44","1000","1000"
"19003","Breich Water","Breich Weir","52","1000","1000"
"19004","North Esk","Dalmore Weir","82","950","970"
"19005","Almond","Almondell","229","960","980"
"19006","Water of Leith","Murrayfield","107","870","900"
"19007","Esk","Musselburgh","330","840","850"
"19008","South Esk","Prestonholm","112","860","880"
"19009","Bog Burn","Cobbinshaw","9","990","1000"
"19010","Braid Burn","Liberton","16","770","770"
"19011","North Esk","Dalkeith Palace","137","910","920"
"19012","Water of Leith","Colinton","72","930","970"
"19014","Brox Burn","Newliston","34","830","830"
"19017","Gogar Burn","Turnhouse","39","760","760"
"19020","Almond","Whitburn","30","1000","1000"
"19021","South Esk","Cowbridge","156","820","840"
"20001","Tyne","East Linton","307","710","730"
"20002","West Peffer Burn","Luffness","26","620","640"
"20003","Tyne","Spilmersford","161","720","760"
"20004","East Peffer Burn","Lochhouses","31","620","610"
"20005","Birns Water","Saltoun Hall","93","760","800"
"20006","Biel Water","Belton House","52","740","750"
"20007","Gifford Water","Lennoxlove","64","770","790"
"20008","Brox Burn","Broxmouth","20","720","730"
"21001","Fruid Water","Fruid","24","1700","1800"
"21002","Whiteadder Water","Hungry Snout","46","910","990"
"21003","Tweed","Peebles","694","1100","1200"
"21005","Tweed","Lyne Ford","373","1300","1300"
"21006","Tweed","Boleside","1500","1200","1200"
"21007","Ettrick Water","Lindean","499","1300","1400"
"21008","Teviot","Ormiston Mill","1110","940","1000"
"21009","Tweed","Norham","4390","960","1000"
"21010","Tweed","Dryburgh","2080","1100","1100"
"21011","Yarrow Water","Philiphaugh","231","1300","1400"
"21012","Teviot","Hawick","323","1100","1200"
"21013","Gala Water","Galashiels","207","930","990"
"21014","Tweed","Kingledores","139","1600","1600"
"21015","Leader Water","Earlston","239","850","890"
"21016","Eye Water","Eyemouth Mill","119","730","750"
"21017","Ettrick Water","Brockhoperig","38","1700","1900"
"21018","Lyne Water","Lyne Station","175","940","1000"
"21019","Manor Water","Cademuir","62","1300","1500"
"21020","Yarrow Water","Gordon Arms","155","1500","1500"
"21021","Tweed","Sprouston","3330","1000","1100"
"21022","Whiteadder Water","Hutton Castle","503","810","860"
"21023","Leet Water","Coldstream","113","670","710"
"21024","Jed Water","Jedburgh","139","910","980"
"21025","Ale Water","Ancrum","174","930","990"
"21026","Tima Water","Deephope","31","1500","1800"
"21027","Blackadder Water","Mouth Bridge","159","770","810"
"21028","Menzion Burn","Menzion Farm","6","1500","1400"
"21029","Tweed","Glenbreck","34","1500","1700"
"21030","Megget Water","Henderland","56","1700","1600"
"21031","Till","Etal","648","830","850"
"21032","Glen","Kirknewton","199","880","930"
"21034","Yarrow Water","Craig Douglas","116","1600","1600"
"21035","Till","Heaton Mill","656","820","850"
"22001","Coquet","Morwick","570","850","880"
"22002","Coquet","Bygate","60","1000","1100"
"22003","Usway Burn","Shillmoor","21","1100","1100"
"22004","Aln","Hawkhill","205","760","750"
"22006","Blyth","Hartford Bridge","269","700","730"
"22007","Wansbeck","Mitford","287","790","850"
"22008","Alwin","Clennell","28","1000","1000"
"22009","Coquet","Rothbury","346","910","950"
"23001","Tyne","Bywell","2176","1000","1100"
"23002","Derwent","Eddys Bridge","118","940","960"
"23003","North Tyne","Reaverhill","1008","1000","1100"
"23004","South Tyne","Haydon Bridge","751","1100","1200"
"23005","North Tyne","Tarset","285","1200","1300"
"23006","South Tyne","Featherstone","322","1300","1500"
"23007","Derwent","Rowlands Gill","242","850","870"
"23008","Rede","Rede Bridge","344","940","1000"
"23009","South Tyne","Alston","119","1500","1700"
"23010","Tarset Burn","Greenhaugh","96","990","1100"
"23011","Kielder Burn","Kielder","59","1200","1400"
"23012","East Allen","Wide Eals","88","1100","1200"
"23013","West Allen","Hindley Wrae","75","1200","1300"
"23014","North Tyne","Kielder temporary","27","1300","1400"
"23015","North Tyne","Barrasford","1044","1000","1100"
"23016","Ouse Burn","Crag Hall","55","670","680"
"23017","Team","Team Valley","62","690","700"
"23018","Ouse Burn","Woolsington","9","670","700"
"23022","North Tyne","Uglydub","242","1300","1400"
"23033","Rede","Otterburn","181","1000","1100"
"24001","Wear","Sunderland Bridge","658","930","970"
"24002","Gaunless","Bishop Auckland","93","730","790"
"24003","Wear","Stanhope","172","1300","1300"
"24004","Bedburn Beck","Bedburn","75","900","950"
"24005","Browney","Burnhall","179","740","750"
"24006","Rookhope Burn","Eastgate","37","1100","1200"
"24007","Browney","Lanchester","45","800","800"
"24008","Wear","Witton Park","455","1000","1100"
"24009","Wear","Chester le Street","1008","860","890"
"24011","Wear","Burnhope Reservoir","21","1600","1600"
"25001","Tees","Darlington Broken Scar","818","1100","1200"
"25002","Tees","Dent Bank","217","1600","1800"
"25003","Trout Beck","Moor House","11","1900","2000"
"25004","Skerne","Darlington South Park","250","640","680"
"25005","Leven","Leven Bridge","196","730","730"
"25006","Greta","Rutherford Bridge","86","1100","1300"
"25007","Clow Beck","Croft","78","720","770"
"25008","Tees","Barnard Castle","509","1300","1400"
"25009","Tees","Low Moor","1264","970","1000"
"25011","Langdon Beck","Langdon","13","1500","1500"
"25012","Harwood Beck","Harwood","25","1600","1700"
"25018","Tees","Middleton in Teesdale","242","1500","1700"
"25019","Leven","Easby","15","830","860"
"25020","Skerne","Preston le Skerne","147","650","700"
"25021","Skerne","Bradbury","70","660","690"
"25022","Balder","Balderhead Reservoir","20","1200","1400"
"25023","Tees","Cow Green Reservoir","58","1800","2000"
"25029","Leven","Foxton Bridge","184","730","730"
"25808","Burnt Hill","Moor House","0","1500","1800"
"25809","Bog Hill","Moor House","0","1800","2000"
"25810","Sike Hill","Moor House","0","1800","2000"
"26001","West Beck","Wansford Bridge","192","720","770"
"26002","Hull","Hempholme Lock","378","700","730"
"26003","Foston Beck","Foston Mill","57","700","720"
"26004","Gypsey Race","Bridlington","254","720","750"
"26005","Gypsey Race","Boynton","240","720","750"
"26006","Elmswell Beck","Little Driffield","136","-10000",""
"26007","Catchwater","Withernwick","16","630","630"
"26008","Mires Beck","North Cave","42","690","700"
"26009","West Beck","Snakeholme Lock","242","720","770"
"26010","Driffield Canal","Snakeholme Lock","25","700","730"
"26011","Market Weighton Canal","Wholsea Grange","43","650","680"
"26012","Foulness","Holme House Farm","70","630","680"
"26013","Driffield Trout Stream","Driffield","53","690","730"
"26014","Water Forlornes","Driffield","32","720","760"
"26802","Gypsey Race","Kirby Grindalythe","16","760","790"
"27001","Nidd","Hunsingore Weir","484","960","970"
"27002","Wharfe","Wetherby Flint Mill","759","1200","1200"
"27003","Aire","Beal","1932","980","980"
"27004","Calder","Newlands","899","1000","1000"
"27005","Nidd","Gouthwaite Reservoir","114","1400","1400"
"27006","Don","Sheffield Hadfields","373","1000","1000"
"27007","Ure","Westwick","915","1100","1100"
"27008","Swale","Leckby Topcliffe","1346","840","870"
"27009","Ouse","Skelton","3315","900","920"
"27010","Hodge Beck","Bransdale Weir","19","990","1000"
"27011","Washburn","Lindley Wood Reservoir","87","1000","1000"
"27012","Hebden Water","High Greenwood","36","1400","1400"
"27013","Ewden Beck","More Hall Reservoir","26","1100","1200"
"27014","Rye","Little Habton","679","820","850"
"27015","Derwent","Stamford Bridge","1634","760","780"
"27016","Little Don","Underbank Reservoir","39","1200","1200"
"27017","Loxley","Damflask Reservoir","44","1100","1100"
"27018","Ryburn","Ryburn Reservoir","11","1400","1300"
"27019","Booth Dean Clough","Booth Wood Mill","16","1400","1400"
"27020","Scout Dike Stream","Scout Dike Resevoir","15","1000","1000"
"27021","Don","Doncaster","1256","800","800"
"27022","Don","Rotherham Weir","826","860","860"
"27023","Dearne","Barnsley Weir","119","770","760"
"27024","Swale","Richmond","381","1200","1300"
"27025","Rother","Woodhouse Mill","352","760","760"
"27026","Rother","Whittington","165","810","800"
"27027","Wharfe","Ilkley","443","1400","1400"
"27028","Aire","Armley","692","1000","1000"
"27029","Calder","Elland","342","1300","1300"
"27030","Dearne","Adwick","311","700","710"
"27031","Colne","Colne Bridge","245","1100","1100"
"27032","Hebden Beck","Hebden","22","1400","1500"
"27033","Sea Cut","Scarborough","33","750","770"
"27034","Ure","Kilgram Bridge","510","1300","1300"
"27035","Aire","Kildwick Bridge","282","1200","1100"
"27038","Costa Beck","Gatehouses","8","720","720"
"27040","Doe Lea","Staveley","68","710","720"
"27041","Derwent","Buttercrambe","1586","770","780"
"27042","Dove","Kirkby Mills","59","900","950"
"27043","Wharfe","Addingham","427","1400","1400"
"27044","Blackfoss Beck","Sandhills Bridge","47","650","680"
"27047","Snaizeholme Beck","Low Houses","10","1700","1800"
"27048","Derwent","West Ayton","127","840","850"
"27049","Rye","Ness","239","840","880"
"27050","Esk","Sleights","308","880","910"
"27051","Crimple","Burn Bridge","8","860","860"
"27052","Whitting","Sheepbridge","50","830","820"
"27053","Nidd","Birstwith","218","1200","1200"
"27054","Hodge Beck","Cherry Farm","37","950","980"
"27055","Rye","Broadway Foot","132","880","940"
"27056","Pickering Beck","Ings Bridge","69","830","850"
"27057","Seven","Normanby","122","880","900"
"27058","Riccal","Crook House Farm","58","860","860"
"27059","Laver","Ripon Laver Weir","88","910","890"
"27060","Kyle","Newton On Ouse","168","620","640"
"27061","Colne","Longroyd Bridge","72","1300","1300"
"27062","Nidd","Skip Bridge","516","950","950"
"27063","Dibb","Grimwith Reservoir","26","1400","1300"
"27064","Went","Walden Stubbs","84","610","620"
"27065","Holme","Huddersfield Queens Mill","97","1200","1200"
"27066","Blackburn Brook","Ashlowes","43","750","740"
"27067","Sheaf","Highfield Road","49","890","860"
"27068","Ryburn","Ripponden","33","1400","1300"
"27069","Wiske","Kirby Wiske","216","630","650"
"27071","Swale","Crakehill","1363","840","870"
"27072","Worth","Keighley","72","1200","1200"
"27073","Brompton Beck","Snainton Ings","13","720","720"
"27074","Spen Beck","Northorpe","46","790","820"
"27075","Bedale Beck","Leeming","160","730","740"
"27076","Bielby Beck","Thornton Lock","103","700","720"
"27077","Bradford Beck","Shipley","58","930","930"
"27079","Calder","Methley","930","1000","1000"
"27080","Aire","Oulton Lemonroyd","865","980","970"
"27081","Oulton Beck","Oulton Farrer Lane","25","680","660"
"27082","Cundall Beck","Bat Bridge","24","640","630"
"27083","Foss","Huntington","118","640","640"
"27084","Eastburn Beck","Crosshills","43","1100","1100"
"27085","Cod Beck","Dalton Bridge","209","700","710"
"27086","Skell","Ripon Alma Weir","120","900","880"
"27087","Derwent","Low Marishes","458","740","750"
"27088","Calder","Mytholmroyd","172","1400","1400"
"27089","Wharfe","Tadcaster","818","1100","1100"
"27090","Swale","Catterick Bridge","499","1100","1200"
"27091","Crimple","Blackstones","77","750","770"
"27092","Esk","Briggswath","325","880","900"
"27094","Wiske","Romanby Viewly Bridge","158","640","660"
"27095","Pickering Beck","Pickering","66","840","850"
"27096","Wharfe","Netherside Hall","215","1600","1600"
"27097","Aire","Bingley","465","1100","1100"
"27098","Calder","Dewsbury","697","1100","1100"
"27099","Derwent","Malton A64 Road Bridge","1360","780","800"
"28001","Derwent","Yorkshire Bridge","126","1400","1400"
"28002","Blithe","Hamstall Ridware","163","780","780"
"28003","Tame","Water Orton","408","730","730"
"28004","Tame","Lea Marston","795","720","720"
"28005","Tame","Elford","1475","690","700"
"28006","Trent","Great Haywood","325","800","810"
"28007","Trent","Shardlow","4400","750","760"
"28008","Dove","Rocester Weir","399","1000","1000"
"28009","Trent","Colwick","7486","760","770"
"28010","Derwent","Longbridge Weir","1054","1000","1000"
"28011","Derwent","Matlock Bath","690","1100","1100"
"28012","Trent","Yoxall","1229","750","760"
"28014","Sow","Milford","591","710","740"
"28015","Idle","Mattersey","529","650","650"
"28016","Ryton","Serlby Park","231","650","630"
"28017","Devon","Cotham","284","590","590"
"28018","Dove","Marston on Dove","883","940","940"
"28019","Trent","Drakelow Park","3072","710","720"
"28020","Churnet","Rocester","236","960","950"
"28021","Derwent","Draycott","1175","980","980"
"28022","Trent","North Muskham","8231","750","760"
"28023","Wye","Ashford","154","1200","1200"
"28024","Wreake","Syston Mill","414","630","650"
"28025","Sence","Ratcliffe Culey","169","650","680"
"28026","Anker","Polesworth","368","650","680"
"28027","Erewash","Sandiacre","182","710","720"
"28028","Soar","Wanlip","480","640","660"
"28029","Kingston Brook","Kingston Hall","57","600","610"
"28030","Black Brook","Onebarrow","8","730","740"
"28031","Manifold","Ilam","149","1100","1100"
"28032","Meden","Church Warsop","63","700","710"
"28033","Dove","Hollinsclough","8","1300","1400"
"28035","Leen","Triumph Road Nottingham","111","690","690"
"28036","Poulter","Twyford Bridge","128","650","660"
"28037","Derwent","Mytham Bridge","203","1300","1300"
"28038","Manifold","Hulme End","46","1200","1200"
"28039","Rea","Calthorpe Park","74","780","790"
"28040","Trent","Stoke-On-Trent","53","860","880"
"28041","Hamps","Waterhouses","35","1100","1100"
"28043","Derwent","Chatsworth","335","1200","1200"
"28044","Poulter","Cuckney","32","670","680"
"28045","Meden/Maun","Bothamsall / Haughton","263","680","680"
"28046","Dove","Izaak Walton","83","1100","1200"
"28047","Oldcotes Dyke","Blyth","85","650","610"
"28048","Amber","Wingfield Park","139","800","780"
"28049","Ryton","Worksop","77","660","650"
"28050","Torne","Auckley","136","620","600"
"28052","Sow","Great Bridgeford","163","750","790"
"28053","Penk","Penkridge","272","700","710"
"28055","Ecclesbourne","Duffield","50","850","840"
"28056","Rothley Brook","Rothley","94","670","690"
"28058","Henmore Brook","Ashbourne","42","900","870"
"28059","Maun","Mansfield STW","29","720","720"
"28060","Dover Beck","Lowdham","69","680","690"
"28061","Churnet","Basford Bridge","139","980","980"
"28066","Cole","Coleshill","130","720","730"
"28067","Derwent","Church Wilne","1178","980","980"
"28070","Burbage Brook","Burbage","9","1000","990"
"28072","Greet","Southwell","46","660","670"
"28074","Soar","Kegworth","1292","640","660"
"28079","Meece Brook","Shallowford","86","760","790"
"28080","Tame","Lea Marston Lakes","799","720","720"
"28081","Tame","Bescot","169","710","710"
"28082","Soar","Littlethorpe","184","640","670"
"28083","Trent","Darlaston","195","820","830"
"28085","Derwent","St Mary's Bridge","1054","1000","1000"
"28086","Sence","South Wigston","113","640","670"
"28087","Tame","Perry Park","196","710","710"
"28091","Ryton","Blyth","231","650","630"
"28093","Soar","Pillings Lock","1108","640","660"
"28095","Tame","Hopwas Bridge","1422","690","700"
"28102","Blythe","Whitacre","194","700","710"
"28103","Henmore Brook","Carsington Outflow","16","930","880"
"28109","Sow","Walkmill","11","750","820"
"28110","Oldacre Brook","Brocton","3","730","740"
"28115","Maun","Mansfield the Dykes","32","710","720"
"28116","Maun","Whitewater Bridge","157","680","680"
"28117","Derwent","Whatstandwell","755","1100","1100"
"28118","Meden","Perlethorpe","97","680","690"
"29001","Waithe Beck","Brigsley","108","690","730"
"29002","Great Eau","Claythorpe Mill","77","690","720"
"29003","Lud","Louth","55","700","730"
"29004","Ancholme","Bishopbridge","55","620","640"
"29005","Rase","Bishopbridge","67","640","660"
"29009","Ancholme","Toft Newton","27","620","640"
"30001","Witham","Claypole Mill","298","620","630"
"30002","Barlings Eau","Langworth Bridge","210","610","620"
"30003","Bain","Fulsby Lock","197","670","700"
"30004","Lymn","Partney Mill","62","690","700"
"30005","Witham","Saltersford Total","126","650","650"
"30006","Slea","Leasingham Mill","48","600","630"
"30011","Bain","Goulceby Bridge","63","700","740"
"30012","Stainfield Beck","Cream Poke Farm","37","630","660"
"30013","Heighington Beck","Heighington","21","610","610"
"30014","Pointon Lode","Pointon","12","590","620"
"30015","Cringle Brook","Stoke Rochford","51","660","660"
"30017","Witham","Colsterworth","51","640","650"
"30033","Brant","Brant Broughton","66","570","610"
"31001","Eye Brook","Eye Brook Reservoir","60","660","660"
"31002","Glen","Kates Br & King St Br","342","610","620"
"31004","Welland","Tallington Total","717","630","640"
"31005","Welland","Tixover","417","640","640"
"31006","Gwash","Belmesthorpe","150","630","640"
"31007","Welland","Barrowden","412","640","640"
"31008","East Glen","Manthorpe","136","610","630"
"31009","West Glen","Shillingthorpe","173","620","620"
"31010","Chater","Fosters Bridge","69","640","640"
"31013","East Glen","Irnham","72","620","650"
"31016","North Brook","Empingham","37","630","640"
"31021","Welland","Ashley","251","640","650"
"31022","Jordan","Market Harborough","21","650","650"
"31023","West Glen","Easton Wood","4","640","650"
"31024","Holywell Brook","Holywell","22","610","610"
"31025","Gwash South Arm","Manton","25","660","680"
"31026","Egleton Brook","Egleton","3","650","650"
"31028","Gwash","Church Bridge","77","650","650"
"32001","Nene","Orton","1634","620","620"
"32002","Willow Brook","Fotheringhay","90","600","610"
"32003","Harpers Brook","Old Mill Bridge","74","620","620"
"32004","Ise Brook","Harrowden","194","640","630"
"32006","Nene/Kislingbury","Upton Total","223","650","680"
"32007","Nene/Brampton","St Andrews Total","233","650","640"
"32008","Nene/Kislingbury","Dodford","107","660","690"
"32010","Nene","Wansford","1530","620","630"
"32012","Wootton Brook","Lady Bridge","53","620","630"
"32019","Slade Brook","Kettering","58","640","630"
"32020","Wittering Brook","Wansford","47","570","590"
"32029","Flore","Experimental Catchment","7","620","650"
"32031","Wootton Brook","Wootton Park","74","620","630"
"33001","Bedford Ouse","Brownshill Staunch","3030","600","610"
"33002","Bedford Ouse","Bedford","1460","640","650"
"33003","Cam","Bottisham","803","570","580"
"33004","Lark","Isleham","466","590","600"
"33005","Bedford Ouse","Thornborough Mill","389","660","670"
"33006","Wissey","Northwold Total","275","660","670"
"33007","Nar","Marham","153","680","690"
"33009","Bedford Ouse","Harrold Mill","1320","640","660"
"33011","Little Ouse","County Bridge Euston","129","600","600"
"33012","Kym","Meagre Farm","138","590","610"
"33013","Sapiston","Rectory Bridge","206","590","610"
"33014","Lark","Temple","272","590","610"
"33015","Ouzel","Willen","277","640","660"
"33016","Cam","Jesus Lock","762","570","580"
"33017","Bedford Ouse","St Ives","2860","600","620"
"33018","Tove","Cappenham Bridge","138","660","700"
"33019","Thet","Melford Bridge","316","620","640"
"33020","Alconbury Brook","Brampton","202","560","610"
"33021","Rhee","Burnt Mill","303","560","570"
"33022","Ivel","Blunham","541","580","590"
"33023","Lea Brook","Beck Bridge","102","580","600"
"33024","Cam","Dernford","198","590","600"
"33025","Babingly","West Newton Mill","40","690","700"
"33026","Bedford Ouse","Offord","2570","610","620"
"33027","Rhee","Wimpole","119","560","570"
"33028","Flit","Shefford","120","600","600"
"33029","Stringside","Whitebridge","99","630","630"
"33030","Clipstone Brook","Clipstone","39","640","650"
"33031","Broughton Brook","Broughton","67","630","620"
"33032","Heacham","Heacham","59","690","690"
"33033","Hiz","Arlesey","108","600","620"
"33034","Little Ouse","Abbey Heath","689","610","620"
"33035","Ely Ouse","Denver Complex","3430","590","600"
"33037","Bedford Ouse","Newport Pagnell Total","800","650","670"
"33039","Bedford Ouse","Roxton","1660","630","640"
"33040","Rhee","Ashwell","2","",""
"33044","Thet","Bridgham","278","620","640"
"33045","Wittle","Quidenham","28","610","630"
"33046","Thet","Redbridge","145","620","660"
"33048","Larling Brook","Stonebridge","21","640","600"
"33049","Stanford Water","Buckenham Tofts","44","650","640"
"33050","Snail","Fordham","61","580","590"
"33051","Cam","Chesterford","141","600","610"
"33052","Swaffham Lode","Swaffham Bulbeck","36","570","570"
"33053","Granta","Stapleford","114","580","610"
"33054","Babingley","Castle Rising","48","690","690"
"33055","Granta","Babraham","99","580","610"
"33056","Quy Water","Lode","76","560","570"
"33057","Ouzel","Leighton Buzzard","119","640","660"
"33058","Ouzel","Bletchley","215","640","660"
"33061","Shep","Fowlmere One","3","540","560"
"33062","Guilden Brook","Fowlmere Two","3","-10000",""
"33063","Little Ouse","Knettishall","101","600","600"
"33064","Whaddon Brook","Whaddon","16","560","590"
"33065","Hiz","Hitchin","12","620","650"
"33066","Granta","Linton","60","590","630"
"33068","Cheney Water","Gatley End","5","",""
"33070","Lark","Fornham St Martin","110","600","620"
"34001","Yare","Colney","232","640","670"
"34002","Tas","Shotesham","147","610","620"
"34003","Bure","Ingworth","165","670","690"
"34004","Wensum","Costessey Mill","571","670","670"
"34005","Tud","Costessey Park","73","650","640"
"34006","Waveney","Needham Mill","370","590","600"
"34007","Dove","Oakley Park","134","590","600"
"34008","Ant","Honing Lock","49","630","650"
"34010","Waveney","Billingford Bridge","149","600","610"
"34011","Wensum","Fakenham","162","700","700"
"34012","Burn","Burnham Overy","80","670","680"
"34014","Wensum","Swanton Morley Total","398","690","690"
"34018","Stiffkey","Warham","88","660","660"
"34019","Bure","Horstead Mill","313","650","670"
"35001","Gipping","Constantine Weir","311","580","600"
"35002","Deben","Naunton Hall","163","590","610"
"35003","Alde","Farnham","64","590","610"
"35004","Ore","Beversham","55","600","610"
"35008","Gipping","Stowmarket","129","580","610"
"35010","Gipping","Bramford","298","580","600"
"35011","Belstead Brook","Belstead","40","570","560"
"35013","Blyth","Holton","93","590","610"
"35014","Mill River","Newbourne","27","570","590"
"36001","Stour","Stratford St Mary","844","580","600"
"36002","Glem","Glemsford","87","600","620"
"36003","Box","Polstead","54","570","600"
"36004","Chad Brook","Long Melford","47","590","610"
"36005","Brett","Hadleigh","156","580","600"
"36006","Stour","Langham","578","580","600"
"36007","Belchamp Brook","Bardfield Bridge","59","560","560"
"36008","Stour","Westmill","225","590","610"
"36009","Brett","Cockfield","26","600","610"
"36010","Bumpstead Brook","Broad Green","28","590","620"
"36011","Stour Brook","Sturmer","35","590","620"
"36012","Stour","Kedington","76","600","610"
"36013","Brett","Higham","195","580","600"
"36015","Stour","Lamarsh","481","580","600"
"37001","Roding","Redbridge","303","610","610"
"37002","Chelmer","Rushes Lock","534","580","600"
"37003","Ter","Crabbs Bridge","78","570","590"
"37004","Blackwater","Langford","337","570","590"
"37005","Colne","Lexden","238","570","600"
"37006","Can","Beach's Mill","228","590","600"
"37007","Wid","Writtle","136","590","610"
"37008","Chelmer","Springfield","190","580","600"
"37009","Brain","Guithavon Valley","61","570","600"
"37010","Blackwater","Appleford Bridge","247","570","590"
"37011","Chelmer","Churchend","73","590","600"
"37012","Colne","Poolstreet","65","570","610"
"37013","Sandon Brook","Sandon Bridge","75","580","590"
"37014","Roding","High Ongar","95","600","610"
"37015","Cripsey Brook","Chipping Ongar","62","610","620"
"37016","Pant","Copford Hall","63","590","610"
"37017","Blackwater","Stisted","139","580","600"
"37018","Ingrebourne","Gaynes Park","48","590","610"
"37019","Beam","Bretons Farm","50","590","600"
"37020","Chelmer","Felsted","132","590","600"
"37021","Roman River","Bounstead Bridge","53","560","570"
"37022","Holland Brook","Thorpe le Soken","55","560","560"
"37023","Roding","Loughton","269","610","610"
"37024","Colne","Earls Colne","154","570","600"
"37025","Bourne Brook","Perces Bridge","32","570","610"
"37026","Tenpenny Brook","Tenpenny Bridge","29","560","570"
"37027","Sixpenny Brook","Ship House Bridge","5","550","560"
"37028","Bentley Brook","Saltwater Bridge","12","550","560"
"37029","St Osyth Brook","Main Road Bridge","8","540","550"
"37031","Crouch","Wickford","72","570","590"
"37033","Eastwood Brook","Eastwood","10","560","570"
"37034","Mar Dyke","Stifford","91","560","590"
"37038","Wid","Margaretting","99","590","610"
"38001","Lee","Feildes Weir","1036","630","640"
"38002","Ash","Mardock","79","620","630"
"38003","Mimram","Panshanger Park","134","660","640"
"38004","Rib","Wadesmill","137","630","650"
"38005","Ash","Easneye","85","620","630"
"38006","Rib","Herts Training School","148","630","650"
"38007","Canons Brook","Elizabeth Way","21","600","610"
"38011","Mimram","Fulling Mill","99","660","640"
"38012","Stevenage Brook","Bragbury Park","36","630","630"
"38013","Upper Lee","Luton Hoo","71","660","660"
"38014","Salmon Brook","Edmonton","21","670","650"
"38015","Intercepting Drain","Enfield","7","630","620"
"38016","Stansted Springs","Mountfitchet","21","",""
"38017","Mimram","Whitwell","39","650","650"
"38018","Upper Lee","Water Hall","150","660","650"
"38019","Salmon Brook","Montague Road","34","660","650"
"38020","Cobbins Brook","Sewardstone Road","38","620","610"
"38021","Turkey Brook","Albany Park","42","670","660"
"38022","Pymmes Brook","Edmonton Silver Street","43","670","670"
"38023","Lee flood relief","Low Hall","1243","630","630"
"38024","Small River Lee","Ordnance Road","42","640","630"
"38025","Pymmes Brook","Alcazar","41","670","670"
"38026","Pincey Brook","Sheering Hall","55","600","620"
"38027","Stort","Glen Faba","280","610","620"
"38028","Stansted Brook","Gypsy Lane","26","610","630"
"38029","Quin","Griggs Bridge","50","630","650"
"38030","Beane","Hartham","175","630","640"
"38031","Lee","Rye Bridge","758","640","640"
"38032","Lee","Lea Bridge","1364","630","630"
"38033","Upper Lee","Luton East Hyde","71","660","660"
"39001","Thames","Kingston","9948","710","720"
"39002","Thames","Days Weir","3445","690","720"
"39003","Wandle","South Wimbledon","176","720","730"
"39004","Wandle","Beddington Park","122","760","770"
"39005","Beverley Brook","Wimbledon Common","44","630","630"
"39006","Windrush","Newbridge","363","740","770"
"39007","Blackwater","Swallowfield","355","710","710"
"39008","Thames","Eynsham","1616","730","760"
"39009","Thames","Bray Weir","6915","700","720"
"39010","Colne","Denham","743","700","710"
"39011","Wey","Tilford","396","860","870"
"39012","Hogsmill","Kingston upon Thames","69","670","680"
"39013","Colne","Berrygrove","352","690","690"
"39014","Ver","Hansteads","132","700","710"
"39015","Whitewater","Lodge Farm","45","780","800"
"39016","Kennet","Theale","1033","760","770"
"39017","Ray","Grendon Underwood","19","620","650"
"39018","Ock","Abingdon","234","640","650"
"39019","Lambourn","Shaw","234","740","740"
"39020","Coln","Bibury","107","820","820"
"39021","Cherwell","Enslow Mill","552","660","700"
"39022","Loddon","Sheepbridge","165","740","760"
"39023","Wye","Hedsor","137","760","780"
"39024","Gatwick Stream","Gatwick","31","840","850"
"39025","Enborne","Brimpton","148","790","790"
"39026","Cherwell","Banbury","199","660","700"
"39027","Pang","Pangbourne","171","690","700"
"39028","Dun","Hungerford","101","790","790"
"39029","Tilling Bourne","Shalford","59","810","820"
"39030","Gade","Croxley Green","184","720","720"
"39031","Lambourn","Welford","176","750","750"
"39032","Lambourn","East Shefford","154","750","750"
"39033","Winterbourne Stream","Bagnor","49","720","720"
"39034","Evenlode","Cassington Mill","430","690","730"
"39035","Churn","Cerney Wick","124","830","860"
"39036","Law Brook","Albury","16","820","840"
"39037","Kennet","Marlborough","142","770","820"
"39038","Thame","Shabbington","443","650","660"
"39039","Wye","High Wycombe","68","760","800"
"39040","Thames","West Mill Cricklade","185","770","810"
"39042","Leach","Priory Mill Lechlade","77","740","780"
"39043","Kennet","Knighton","295","770","800"
"39044","Hart","Bramshill House","84","710","700"
"39046","Thames","Sutton Courtenay","3414","690","720"
"39049","Silk Stream","Colindeep Lane","29","690","700"
"39051","Sor Brook","Adderbury","106","660","700"
"39052","The Cut","Binfield","50","680","690"
"39053","Mole","Horley","90","810","830"
"39054","Mole","Gatwick Airport","32","820","830"
"39055","Yeading Brook West","North Hillingdon","18","660","680"
"39056","Ravensbourne","Catford Hill","120","710","710"
"39057","Crane","Cranford Park","62","640","650"
"39058","Pool River","Winsford Road","38","660","660"
"39061","Letcombe Brook","Letcombe Bassett","4","730","750"
"39065","Ewelme Brook","Ewelme","13","700","720"
"39068","Mole","Castle Mill","316","780","790"
"39069","Mole","Kinnersley Manor","142","800","810"
"39071","Thames","Ewen","64","820","890"
"39072","Thames","Royal Windsor Park","7046","700","720"
"39073","Churn","Cirencester","84","850","880"
"39074","Ampney Brook","Sheepen Bridge","74","780","810"
"39076","Windrush","Worsham","296","760","780"
"39077","Og","Marlborough Poulton Fm","59","770","800"
"39078","Wey (North)","Farnham","191","870","890"
"39079","Wey","Weybridge","1008","790","800"
"39081","Ock","Abingdon","234","640","650"
"39084","Brent","Brent Cross","36","680","700"
"39085","Wandle","Wandle Park","176","740","740"
"39086","Gatwick Stream","Gatwick Link","34","830","850"
"39087","Ray","Water Eaton","84","700","700"
"39088","Chess","Rickmansworth","105","750","760"
"39089","Gade","Bury Mill","48","720","720"
"39090","Cole","Inglesham","140","680","680"
"39091","Misbourne","Quarrendon Mill","66","770","780"
"39092","Dollis Brook","Hendon Lane Bridge","25","690","700"
"39093","Brent","Monks Park","118","680","690"
"39094","Crane","Marsh Farm","81","630","640"
"39095","Quaggy","Manor House Gardens","34","640","650"
"39096","Wealdstone Brook","Wembley","22","660","680"
"39097","Thames","Buscot","997","750","770"
"39098","Pinn","Uxbridge","33","670","690"
"39099","Ampney Brook","Ampney St Peter","45","810","840"
"39100","Swill Brook","Oaksey","53","780","810"
"39101","Aldbourne","Ramsbury","53","780","790"
"39102","Misbourne","Denham Lodge","95","750","770"
"39103","Kennet","Newbury","548","770","790"
"39104","Mole","Esher","470","760","770"
"39105","Thame","Wheatley","534","640","660"
"39106","Mole","Leatherhead","371","780","790"
"39107","Hogsmill","Ewell","34","700","710"
"39108","Churn","Perrott's Brook","59","860","880"
"39109","Coln","Fossebridge","82","830","820"
"39110","Coln","Fairford","130","810","810"
"39111","Thames","Staines","8120","700","720"
"39112","Letcombe Brook","Arabellas Lake","3","730","750"
"39113","Manor Farm Brook","Letcombe Regis","1","720","740"
"39114","Pang","Frilsham","90","700","700"
"39115","Pang","Bucklebury","109","700","700"
"39116","Sulham Brook","Sulham","3","660","690"
"39117","Colne Brook","Hythe End","930","710","720"
"39118","Wey","Alton","45","860","900"
"39119","Wey","Kings Pond (Alton)","46","860","900"
"39120","Caker Stream","Alton","88","920","950"
"39121","Thames","Walton","9292","710","720"
"39122","Cranleigh Waters","Bramley","110","790","800"
"39123","Blackwater","Farnborough","36","720","710"
"39125","Ver","Redbourn","63","710","720"
"39126","Red","Redbourn","19","700","700"
"39127","Misbourne","Little Missenden","47","770","790"
"39128","Bourne (South)","Addlestone","90","670","680"
"39129","Thames","Farmoor","1609","730","760"
"39130","Thames","Reading","4634","680","700"
"39131","Brent","Costons Lane Greenford","146","670","680"
"39134","Ravensbourne","Bromley South","10","680","700"
"39135","Quaggy River","Chinbrook Meadows","15","670","680"
"39137","Yeading West","Gutteridge Wood","21","660","680"
"39138","Loddon","Twyford","752","700","710"
"39140","Ray","Islip","290","630","650"
"39141","Wey","Guildford","690","830","840"
"39142","Windrush","Bourton on the Water","66","800","800"
"39143","Dikler","Bourton on the Water","91","760","790"
"39144","Sor","Bodicote","88","660","700"
"39145","Yeading Brook East","Western Avenue A40","10","650","660"
"39146","Mill Brook","Blewbury","2","650","660"
"39147","Wendover Springs","Wendover","10","750","770"
"40001","Medway","Weir Wood Reservoir","27","850","860"
"40002","Darwell","Darwell Reservoir","10","880","900"
"40003","Medway","Teston / East Farleigh","1256","740","760"
"40004","Rother","Udiam","206","860","860"
"40005","Beult","Stilebridge","277","690","690"
"40006","Bourne","Hadlow","50","720","730"
"40007","Medway","Chafford / Colliers Land Bridge","255","830","850"
"40008","Great Stour","Wye","230","740","750"
"40009","Teise","Stonebridge","136","810","810"
"40010","Eden","Penshurst / Vexour Bridge","224","740","760"
"40011","Great Stour","Horton","345","750","760"
"40012","Darent","Hawley","191","730","740"
"40013","Darent","Otford","101","770","780"
"40014","Wingham","Durlock","38","730","740"
"40015","White Drain","Fairbrook Farm","32","720","740"
"40016","Cray","Crayford","120","690","690"
"40017","Dudwell","Burwash","28","890","910"
"40018","Darent","Lullingstone","118","760","770"
"40020","Eridge Stream","Hendal Bridge","54","870","880"
"40021","Hexden Channel","Hopemill Bridge Sandhurst","32","780","780"
"40022","Great Stour","Chart Leacon","73","730","740"
"40023","East Stour","South Willesborough","59","770","780"
"40024","Bartley Mill St","Bartley Mill","25","870","870"
"40025","Brede","Brede Pumping Station","46","820","850"
"40027","Sarre Penn","Calcott","19","650","640"
"40029","Len","Lenside","70","710","730"
"40033","Dour","Crabble Mill","50","860","850"
"41001","Nunningham Stream","Tilley Bridge","17","800","770"
"41002","Ash Bourne","Hammer Wood Bridge","18","830","860"
"41003","Cuckmere","Sherman Bridge","135","810","820"
"41004","Ouse","Barcombe Mills","396","830","830"
"41005","Ouse","Gold Bridge","181","840","840"
"41006","Uck","Isfield","88","820","840"
"41009","Rother","Hardham","346","900","920"
"41010","Adur W Branch","Hatterell Bridge","109","790","800"
"41011","Rother","Iping Mill","154","920","940"
"41012","Adur E Branch","Sakeham","93","830","830"
"41013","Huggletts Stream","Henley Bridge","14","820","820"
"41014","Arun","Pallingham","379","810","800"
"41015","Ems","Westbourne","58","900","960"
"41016","Cuckmere","Cowbeech","19","860","840"
"41017","Combe Haven","Crowhurst","31","790","780"
"41018","Kird","Tanyards","67","820","810"
"41019","Arun","Alfoldean","139","810","810"
"41020","Bevern Stream","Clappers Bridge","35","890","870"
"41021","Clayhill Stream","Old Ship","7","810","810"
"41022","Lod","Halfway Bridge","52","860","890"
"41023","Lavant","Graylingwell","87","920","960"
"41024","Shell Brook","Shell Brook","23","860","870"
"41025","Loxwood Stream","Drungewick","92","810","800"
"41026","Cockhaise Brook","Holywell","36","850","850"
"41027","Rother","Princes Marsh","37","910","930"
"41028","Chess Stream","Chess Bridge","24","850","840"
"41029","Bull","Lealands","41","820","820"
"41030","Ouse","Ardingly","37","840","850"
"41031","Fulking Stream","Fulking","1","",""
"41033","Costers Brook","Cocking","3","970","1000"
"41034","Ems","Walderton","42","930","990"
"41035","North","Brookhurst","54","820","820"
"41037","Winterbourne Stream","Lewes","17","900","910"
"42001","Wallington","North Fareham","111","820","860"
"42003","Lymington","Brockenhurst","99","850","870"
"42004","Test","Broadlands","1040","790","820"
"42005","Wallop Brook","Broughton","54","770","800"
"42006","Meon","Mislingford","73","900","930"
"42007","Alre","Drove Lane Alresford","57","860","880"
"42008","Cheriton Stream","Sewards Bridge","75","890","920"
"42009","Candover Stream","Borough Bridge","71","820","880"
"42010","Itchen","Highbridge & Allbrook Total","360","830","870"
"42011","Hamble","Frogmill","57","840","870"
"42012","Anton","Fullerton","185","770","800"
"42014","Blackwater","Ower","105","840","870"
"42015","Dever","Weston Colley","53","790","840"
"42016","Itchen","Easton","237","850","890"
"42017","Hermitage Stream","Havant","17","790","830"
"42018","Monks Brook","Stoneham Lane","43","790","830"
"42019","Tanners Brook","Millbrook","16","790","800"
"42020","Tadburn Lake","Romsey","19","780","820"
"42023","Itchen","Riverside Park","415","830","870"
"42024","Test","Chilbolton Total","453","800","830"
"42025","Lavant Stream","Leigh Park","55","900","940"
"42026","Wallop Brook","Bossington","61","770","800"
"42027","Dever","Bransbury","122","780","820"
"43001","Avon","Ringwood","1650","810","840"
"43003","Avon","East Mills Total","1478","810","840"
"43004","Bourne","Laverstock","164","770","790"
"43005","Avon","Amesbury","324","740","770"
"43006","Nadder","Wilton","221","880","940"
"43007","Stour","Throop","1073","860","900"
"43008","Wylye","South Newton","445","830","850"
"43009","Stour","Hammoon","523","850","890"
"43010","Allen","Loverley Farm","94","870","940"
"43011","Ebble","Bodenham","109","870","930"
"43012","Wylye","Norton Bavant","112","930","950"
"43013","Mude","Somerford","12","780","840"
"43014","East Avon","Upavon","86","760","790"
"43017","West Avon","Upavon","85","740","770"
"43018","Allen","Walford Mill","177","860","920"
"43019","Shreen Water","Colesbrook","29","880","920"
"43021","Avon","Knapp Mill","1706","810","840"
"43022","Moors River","Hurn Court","143","820","860"
"43024","Wylye","Stockton Park","255","870","890"
"43025","Dockens Water","Moyles Court","17","850","880"
"43801","Chitterne Brook","Codford","70","810","820"
"43806","Wylye","Brixton Deverill","50","970","1000"
"44001","Frome","East Stoke Total","414","970","1000"
"44002","Piddle","Baggs Mill","183","940","1000"
"44003","Asker","Bridport","49","920","980"
"44004","Frome","Dorchester Total","206","1000","1100"
"44006","Sydling Water","Sydling St Nicholas","12","1000","1100"
"44008","South Winterbourne","Winterbourne Steepleton","20","1000","1000"
"44009","Wey","Broadwey","7","890","940"
"44011","Asker","East Bridge Bridport","49","920","980"
"44013","Piddle","Little Puddle","35","1000","1100"
"44014","Piddle","Briantspuddle","112","970","1000"
"44015","Hooke","Hooke","12","1000","1100"
"45001","Exe","Thorverton","601","1200","1300"
"45002","Exe","Stoodleigh","422","1400","1400"
"45003","Culm","Woodmill","226","970","1000"
"45004","Axe","Whitford","289","990","1100"
"45005","Otter","Dotton","203","970","1000"
"45006","Quarme","Enterwell","20","1400","1500"
"45007","Exe","Trews Weir","1191","1100","1100"
"45008","Otter","Fenny Bridges","104","1000","1100"
"45009","Exe","Pixton","160","1400","1400"
"45010","Haddeo","Hartford","50","1300","1300"
"45011","Barle","Brushford","128","1600","1700"
"45012","Creedy","Cowley","262","910","970"
"45013","Tale","Fairmile","34","920","960"
"45816","Haddeo","Upton","7","1200","1300"
"45817","Unnamed Stream","Upton","2","1200","1300"
"45818","Withiel Florey Stream","Bessom Bridge","10","1300","1300"
"46002","Teign","Preston","381","1200","1200"
"46003","Dart","Austins Bridge","248","1800","1700"
"46005","East Dart","Bellever","22","2100","2000"
"46006","Erme","Ermington","44","1700","1700"
"46007","West Dart","Dunnabridge","48","2000","1900"
"46008","Avon","Loddiswell","102","1600","1600"
"46013","Bovey","Bovey Parke","87","1400","1400"
"46014","Teign","Chudleigh","232","1200","1200"
"47001","Tamar","Gunnislake","917","1200","1200"
"47002","Tamar","Werrington","232","1100","1200"
"47003","Tavy","Lopwell","206","1500","1500"
"47004","Lynher","Pillaton Mill","136","1400","1500"
"47005","Ottery","Werrington Park","121","1200","1200"
"47006","Lyd","Lifton Park","223","1200","1300"
"47007","Yealm","Puslinch","55","1400","1500"
"47008","Thrushel","Tinhay","113","1100","1200"
"47009","Tiddy","Tideford","37","1300","1300"
"47010","Tamar","Crowford Bridge","77","1200","1200"
"47011","Plym","Carn Wood","79","1600","1600"
"47013","Withey Brook","Bastreet","16","1700","1800"
"47014","Walkham","Horrabridge","45","1700","1700"
"47015","Tavy","Ludbrook","197","1600","1600"
"47016","Lumburn","Lumburn Bridge","21","1300","1300"
"47017","Wolf","Combe Park Farm","31","1100","1200"
"47018","Thrushel","Hayne Bridge","58","1200","1300"
"47019","Tamar","Polson Bridge","470","1200","1200"
"47020","Inny","Bealsmill","105","1400","1400"
"47021","Kensey","Launceston Newport","33","1300","1300"
"47022","Tory Brook","Newnham Park","16","1400","1500"
"47023","Tamar","Tamarstone Bridge","49","1200","1300"
"47024","Tavy","Tavistock Abbey Bridge","96","1700","1700"
"47025","Wolf","Germansweek","11","1200","1300"
"48001","Fowey","Trekeivesteps","37","1600","1800"
"48003","Fal","Tregony","87","1200","1200"
"48004","Warleggan","Trengoffe","25","1400","1500"
"48005","Kenwyn","Truro","19","1100","1100"
"48006","Cober","Helston County Bridge","38","1200","1200"
"48007","Kennal","Ponsanooth","27","1300","1300"
"48009","St Neot","Craigshill Wood","23","1500","1600"
"48010","Seaton","Trebrownbridge","39","1300","1400"
"48011","Fowey","Restormel","169","1400","1500"
"48012","Fal","Trenowth","65","1200","1300"
"48801","Cober","Trenear","27","1300","1300"
"48803","Carnon","Bissoe","34","1200","1200"
"49001","Camel","Denby","209","1300","1400"
"49002","Hayle","St Erth","48","1100","1100"
"49003","De Lank","De Lank","22","1600","1700"
"49004","Gannel","Gwills","41","1000","1100"
"49005","Bolingey Stream","Bolingey Cocks Bridge","16","1000","1100"
"49006","Camel","Camelford","13","1400","1400"
"50001","Taw","Umberleigh","826","1200","1200"
"50002","Torridge","Torrington","663","1200","1200"
"50003","Taw","Sticklepath","16","1800","1700"
"50005","West Okement","Vellake","13","2100","2200"
"50006","Mole","Woodleigh","328","1300","1400"
"50007","Taw","Taw Bridge","71","1200","1200"
"50008","Lew","Gribbleford Bridge","71","1200","1300"
"50009","Lew","Norley Bridge","20","1200","1200"
"50010","Torridge","Rockhay Bridge","258","1200","1200"
"50011","Okement","Jacobstowe","82","1500","1600"
"50012","Yeo","Veraby","54","1300","1400"
"50013","Bray","Leehamford Bridge","18","1700","1700"
"50014","Yeo","Collard Bridge","80","1300","1500"
"51001","Doniford Stream","Swill Bridge","76","910","980"
"51002","Horner Water","West Luccombe","21","1500","1500"
"51003","Washford","Beggearn Huish","36","1200","1200"
"52001","Axe","Wookey","18","970","940"
"52002","Yeo","Sutton Bingham Reservoir","30","950","970"
"52003","Halsewater","Halsewater","88","850","890"
"52004","Isle","Ashford Mill","90","890","940"
"52005","Tone","Bishops Hull","202","960","990"
"52006","Yeo","Pen Mill","213","870","900"
"52007","Parrett","Chiselborough","75","890","890"
"52008","Tone","Clatworthy Reservoir","18","1200","1300"
"52009","Sheppey","Fenny Castle","60","970","960"
"52010","Brue","Lovington","135","870","880"
"52011","Cary","Somerton","82","720","760"
"52014","Tone","Greenham","57","1100","1200"
"52015","Land Yeo","Wraxall Bridge","23","910","900"
"52016","Currypool Stream","Currypool Farm","16","930","970"
"52017","Congresbury Yeo","Iwood","67","980","960"
"52020","Gallica Stream","Gallica Bridge","16","950","1000"
"52025","Hillfarrance Brook","Milverton","28","1000","1000"
"52026","Alham","Higher Alham","5","1000","1000"
"53001","Avon","Melksham","666","760","800"
"53002","Semington Brook","Semington","158","710","760"
"53003","Avon","Bath St James","1595","820","840"
"53004","Chew","Compton Dando","130","990","960"
"53005","Midford Brook","Midford","147","970","970"
"53006","Frome (Bristol)","Frenchay","149","790","800"
"53007","Frome (Somerset)","Tellisford","262","970","970"
"53008","Avon","Great Somerford","303","800","840"
"53009","Wellow Brook","Wellow","73","1000","1000"
"53013","Marden","Stanley","99","720","770"
"53017","Boyd","Bitton","48","810","810"
"53018","Avon","Bathford","1552","820","840"
"53019","Woodbridge Brook","Crabb Mill","47","740","760"
"53020","Gauze Brook","Rodbourne","28","790","800"
"53022","Avon","Bath ultrasonic","1605","820","840"
"53023","Sherston Avon","Fosseway","90","840","890"
"53024","Tetbury Avon","Brokenborough","74","830","890"
"53025","Mells","Vallis","119","1100","1100"
"53026","Frome (Bristol)","Frampton Cotterell","79","800","800"
"53028","By Brook","Middlehill","102","840","870"
"53029","Biss","Trowbridge","78","760","780"
"54001","Severn","Bewdley","4325","910","930"
"54002","Avon","Evesham","2210","650","670"
"54003","Vyrnwy","Vyrnwy Reservoir","94","2000","1900"
"54004","Sowe","Stoneleigh","262","670","690"
"54005","Severn","Montford","2025","1100","1200"
"54006","Stour (Worcs)","Kidderminster Callows Lane","324","690","700"
"54007","Arrow","Broom","319","690","700"
"54008","Teme","Tenbury","1134","840","880"
"54010","Stour (Warks)","Alscot Park","319","660","680"
"54011","Salwarpe","Harford Hill","184","670","680"
"54012","Tern","Walcot","852","690","720"
"54013","Clywedog","Cribynau","57","1900","1700"
"54014","Severn","Abermule","580","1300","1200"
"54015","Bow Brook","Besford Bridge","156","640","650"
"54016","Roden","Rodington","259","690","710"
"54017","Leadon","Wedderburn Bridge","293","690","710"
"54018","Rea Brook","Hookagate","178","760","780"
"54019","Avon","Stareton","347","650","690"
"54020","Perry","Yeaton","181","740","770"
"54022","Severn","Plynlimon flume","9","2500","2300"
"54023","Badsey Brook","Offenham","96","650","680"
"54024","Worfe","Burcote","258","690","710"
"54025","Dulas","Rhos-y-pentref","53","1300","1300"
"54026","Chelt","Slate Mill","35","730","720"
"54027","Frome","Ebley Mill","198","830","890"
"54028","Vyrnwy","Llanymynech","778","1300","1400"
"54029","Teme","Knightsford Bridge","1480","820","850"
"54032","Severn","Saxons Lode","6850","860","880"
"54034","Dowles Brook","Oak Cottage","41","710","760"
"54036","Isbourne","Hinton on the Green","91","700","740"
"54038","Tanat","Llanyblodwel","229","1300","1300"
"54040","Meese","Tibberton","168","700","740"
"54041","Tern","Eaton upon Tern","192","720","760"
"54043","Severn","Upton On Severn","6850","860","880"
"54044","Tern","Ternhill","93","740","790"
"54045","Perry","Perry Farm","49","810","890"
"54046","Worfe","Cosford","55","710","710"
"54047","Perry","Ruyton Bridge","155","750","790"
"54048","Dene","Wellesbourne","102","630","650"
"54049","Leam","Princes Drive Weir","362","640","660"
"54050","Leam","Eathorpe","300","640","670"
"54052","Bailey Brook","Ternhill","34","710","740"
"54053","Corve","Ludlow","164","780","800"
"54054","Onny","Onibury","235","820","840"
"54057","Severn","Haw Bridge","9895","790","820"
"54058","Stoke Park Brook","Stoke Park","14","690","710"
"54059","Allford Brook","Allford","10","670","700"
"54060","Potford Brook","Sandyford Bridge","25","680","680"
"54061","Hodnet Brook","Hodnet","5","720","710"
"54062","Stoke Brook","Stoke on Tern","14","700","730"
"54063","Stour (Worcs)","Prestwood Hospital","90","730","720"
"54065","Roden","Stanton","210","700","720"
"54066","Platt Brook","Platt","16","670","680"
"54067","Smestow Brook","Swindon","81","680","680"
"54069","Springs Brook","Lower Hordley","10","",""
"54070","War Brook","Walford","23","690","690"
"54080","Severn","Dolwen","187","1600","1500"
"54081","Clywedog","Bryntail","49","1900","1800"
"54083","Crow Brook","Horton","17","",""
"54084","Cannop Brook","Parkend","32","910","940"
"54085","Cannop Brook","Cannop Cross","10","910","910"
"54087","Allford Brook","Childs Ercall","5","660","690"
"54088","Little Avon","Berkeley Kennels","134","810","820"
"54089","Avon","Bredon","2674","650","670"
"54090","Tanllwyth","Tanllwyth Flume","1","2500","2300"
"54091","Severn","Hafren Flume","4","2500","2200"
"54092","Hore","Hore Flume","3","2500","2300"
"54094","Strine","Crudgington","96","680","680"
"54095","Severn","Buildwas","3717","950","970"
"54096","Hadley Brook","Wards Bridge","53","650","660"
"54097","Hore","Upper Hore flume","2","2600","2400"
"54098","Cam","Cambridge","29","800","850"
"54099","Coley Brook","Coley Mill","37","700","690"
"54100","Lonco Brook","Whitleyford Bridge","34","710","780"
"54102","Avon","Lilbourne","109","670","700"
"54106","Stour (Warks)","Shipston","185","680","700"
"54110","Severn","Deerhurst","9877","790","820"
"54111","Avon","Rugby","243","660","690"
"54114","Avon","Warwick","1012","650","680"
"54906","Stour (Worcs)","Kidderminster Gilt Edge","324","690","700"
"54907","Arrow","Broom","319","690","700"
"55001","Wye","Cadora","4040","1000","1100"
"55002","Wye","Belmont","1896","1200","1300"
"55003","Lugg","Lugwardine","886","810","880"
"55004","Irfon","Abernant","73","1800","1900"
"55005","Wye","Rhayader","167","1700","1600"
"55006","Elan","Caban Coch Reservoir","184","1800","1800"
"55007","Wye","Erwood","1282","1400","1400"
"55008","Wye","Cefn Brwyn","11","2500","2400"
"55009","Monnow","Kentchurch","357","960","1000"
"55010","Wye","Pant Mawr","27","2300","2300"
"55011","Ithon","Llandewi","111","1100","1200"
"55012","Irfon","Cilmery","244","1600","1600"
"55013","Arrow","Titley Mill","126","960","1100"
"55014","Lugg","Byton","203","980","1100"
"55015","Honddu","Tafolog","25","1300","1400"
"55016","Ithon","Disserth","358","1100","1100"
"55017","Chwefru","Carreg-y-wen","29","1500","1400"
"55018","Frome","Yarkhill","144","710","730"
"55020","Pinsley Brook","Cholstrey Mill","24","740","790"
"55021","Lugg","Butts Bridge","371","880","950"
"55022","Trothy","Mitchel Troy","142","890","950"
"55023","Wye","Redbrook","4010","1000","1100"
"55025","Llynfi","Three Cocks","132","1000","1000"
"55026","Wye","Ddol Farm","174","1600","1600"
"55027","Rudhall Brook","Sandford Bridge","13","740","810"
"55028","Frome","Bishops Frome","78","720","740"
"55029","Monnow","Grosmont","354","960","1000"
"55030","Claerwen","Dol-y-mynach","95","1900","1900"
"55031","Yazor Brook","Three Elms","42","690","750"
"55032","Elan","Caban Dam","184","1800","1800"
"55033","Wye","Gwy flume","4","2600","2400"
"55034","Cyff","Cyff flume","3","2400","2400"
"55035","Iago","Iago flume","1","2500","2400"
"55036","Garren","Marstow Mill","91","760","780"
"56001","Usk","Chainbridge","912","1400","1400"
"56002","Ebbw","Rhiwderin","217","1500","1500"
"56003","Honddu","The Forge Brecon","62","1200","1300"
"56004","Usk","Llandetty","544","1500","1500"
"56005","Lwyd","Ponthir","98","1400","1500"
"56006","Usk","Trallong","184","1700","1700"
"56007","Senni","Pont-Hen-Hafod","20","2000","1900"
"56011","Sirhowy","Wattsville","76","1500","1500"
"56012","Grwyne","Millbrook","82","1200","1300"
"56013","Yscir","Pont-Ar-Yscir","63","1300","1400"
"56014","Usk","Usk Reservoir","17","1700","1600"
"56015","Olway Brook","Olway Inn","105","950","1000"
"56019","Ebbw","Aberbeeg","72","1500","1600"
"57001","Taf Fechan","Taf Fechan Reservoir","34","1900","1900"
"57002","Taf Fawr","Llwynon Reservoir","43","2000","2100"
"57003","Taff","Tongwynlais","487","1800","1800"
"57004","Cynon","Abercynon","106","1800","1800"
"57005","Taff","Pontypridd","455","1800","1800"
"57006","Rhondda","Trehafod","101","2200","2200"
"57007","Taff","Fiddlers Elbow","195","1700","1700"
"57008","Rhymney","Llanedeyrn","179","1400","1400"
"57009","Ely","St Fagans","145","1400","1400"
"57010","Ely","Lanelay","39","1600","1600"
"57014","Rhymney","Bargoed","63","1500","1600"
"57015","Taff","Merthyr Tydfil","104","1900","1900"
"57017","Rhondda Fawr","Tynewydd","17","2500","2500"
"57803","Clun","Cross Inn","26","1400","1400"
"58001","Ogmore","Bridgend","158","1800","1800"
"58002","Neath","Resolven","191","1900","2000"
"58003","Ewenny","Ewenny Priory","63","1300","1400"
"58004","Afan","Cwmafan","82","2100","2100"
"58005","Ogmore","Brynmenyn","74","2000","2000"
"58006","Mellte","Pontneddfechan","66","2000","2100"
"58007","Llynfi","Coytrahen","50","1800","1900"
"58008","Dulais","Cilfrew","43","1800","1800"
"58009","Ewenny","Keepers Lodge","63","1300","1400"
"58010","Hepste","Esgair Carnau","11","2100","2200"
"58011","Thaw","Gigman Bridge","49","1100","1200"
"58012","Afan","Marcroft Weir","88","2000","2100"
"59001","Tawe","Ynystanglws","228","1900","1900"
"59002","Loughor","Tir-y-dail","46","1500","1600"
"60001","Tywi","Ty Castell","1088","1500","1600"
"60002","Cothi","Felin Mynachdy","298","1600","1600"
"60003","Taf","Clog-y-Fran","217","1400","1400"
"60004","Dewi Fawr","Glasfryn Ford","37","1500","1500"
"60005","Bran","Llandovery","67","1500","1500"
"60006","Gwili","Glangwili","130","1600","1600"
"60007","Tywi","Dolau Hirion","232","1700","1700"
"60008","Tywi","Ystradffin","90","1800","1900"
"60009","Sawdde","Felin-y-cwm","78","1800","1800"
"60010","Tywi","Capel Dewi","1090","1500","1600"
"60012","Twrch","Ddol Las","21","1500","1700"
"60013","Cothi","Pont Ynys Brechfa","262","1500","1600"
"61001","Western Cleddau","Prendergast Mill","198","1300","1300"
"61002","Eastern Cleddau","Canaston Bridge","183","1400","1400"
"61003","Gwaun","Cilrhedyn Bridge","31","1600","1500"
"62001","Teifi","Glanteifi","894","1400","1400"
"62002","Teifi","Llanfair","510","1400","1400"
"63001","Ystwyth","Pont Llolwyn","170","1500","1500"
"63002","Rheidol","Llanbadarn Fawr","182","1800","1800"
"63003","Wyre","Llanrhystud","41","1200","1300"
"63004","Ystwyth","Cwm Ystwyth","32","2000","2000"
"64001","Dyfi","Dyfi Bridge","471","1800","1800"
"64002","Dysynni","Pont-y-Garth","75","2200","2000"
"64004","Twymyn","Cemmaes Road","111","1500","1600"
"64006","Leri","Dolybont","47","1500","1500"
"64010","Mawddach","Tyddyn Gwladys","63","2000","2100"
"64011","Cerist","Llaw'r Cae","5","2200","2300"
"65001","Glaslyn","Beddgelert","69","2800","3000"
"65004","Gwyrfai","Bontnewydd","48","2200","2400"
"65005","Erch","Pencaenewydd","18","1500","1500"
"65006","Seiont","Peblig Mill","74","2300","2300"
"65007","Dwyfor","Garndolbenmaen","52","2100","2100"
"65008","Peris","Nant Peris","12","3500","3600"
"65014","Colwyn","Hafod Wydr","7","3000","3200"
"65015","Llyfni","Pont Y Cim","48","1900","2100"
"66001","Clwyd","Pont-y-Cambwll","404","910","910"
"66002","Elwy","Pant yr Onen","220","1100","1100"
"66004","Wheeler","Bodfari","63","860","850"
"66005","Clwyd","Ruthin Weir","95","960","960"
"66006","Elwy","Pont-y-Gwyddel","194","1200","1100"
"66011","Conwy","Cwmlanerch","345","2000","2200"
"66012","Lledr","Pont Gethin","73","2500","2600"
"66025","Clwyd","Pont Dafydd","431","900","900"
"67001","Dee","Bala","262","1800","1800"
"67002","Dee","Erbistock Rectory","1028","1400","1400"
"67003","Brenig","Llyn Brenig outflow","20","1300","1300"
"67005","Ceiriog","Brynkinalt Weir","114","1200","1300"
"67006","Alwen","Druid","185","1300","1300"
"67008","Alyn","Pont-y-Capel","227","920","900"
"67009","Alyn","Rhydymwyn","78","970","960"
"67010","Gelyn","Cynefail","13","2000","2000"
"67013","Hirnant","Plas Rhiwedog","34","1800","1800"
"67015","Dee","Manley Hall","1013","1400","1400"
"67017","Tryweryn","Llyn Celyn outflow","60","2000","2000"
"67018","Dee","New Inn","54","2000","1900"
"67023","Golborne Brook","Tattenhall","18","720","740"
"67025","Clywedog","Bowling Bank","99","850","860"
"67027","Dee","Ironbridge","1674","1100","1200"
"67028","Ceidiog","Llandrillo","37","1500","1600"
"67029","Trystion","Pen-y-felin Fawr","12","1300","1500"
"67033","Dee","Chester Suspension Bridge","1817","1100","1100"
"68001","Weaver","Ashbrook","622","730","770"
"68002","Gowy","Picton","156","730","720"
"68003","Dane","Rudheath","407","850","880"
"68004","Wistaston Brook","Marshfield Bridge","93","730","760"
"68005","Weaver","Audlem","207","720","760"
"68006","Dane","Hulme Walfield","150","1000","1100"
"68007","Wincham Brook","Lostock Gralam","148","820","810"
"68010","Fender","Ford Lane","18","770","780"
"68011","Arley Brook","Gore Farm","37","830","800"
"68015","Gowy","Huxley","49","730","740"
"68018","Dane","Congleton Park","145","1000","1100"
"68020","Gowy","Bridge Trafford","156","730","720"
"68021","Arrowe Brook","Acton Lane","18","750","760"
"68044","Dane","Hug Bridge","73","1200","1200"
"69001","Mersey","Irlam Weir","679","1100","1100"
"69002","Irwell","Adelphi Weir","559","1300","1300"
"69003","Irk","Scotland Weir","73","1000","1000"
"69004","Etherow","Bottoms Reservoir","78","1500","1500"
"69005","Glaze Brook","Little Woolden Hall","152","970","950"
"69006","Bollin","Dunham Massey","258","880","870"
"69007","Mersey","Ashton Weir","660","1100","1100"
"69008","Dean","Stanneylands","59","950","920"
"69011","Micker Brook","Cheadle","67","900","860"
"69012","Bollin","Wilmslow","73","930","930"
"69013","Sinderland Brook","Partington","45","830","820"
"69015","Etherow","Compstall","156","1300","1300"
"69017","Goyt","Marple Bridge","183","1200","1100"
"69019","Worsley Brook","Eccles","25","960","960"
"69020","Medlock","London Road","58","1000","1000"
"69022","Irwell","Irwell Vale","101","1400","1400"
"69023","Roch","Blackford Bridge","186","1200","1200"
"69024","Croal","Farnworth Weir","145","1300","1300"
"69025","Irwell","Manchester Racecourse","557","1300","1300"
"69027","Tame","Portwood","150","1200","1200"
"69028","Mersey","Brinksway","517","1200","1200"
"69030","Sankey Brook","Causey Bridges","154","900","900"
"69032","Alt","Kirkby","90","860","900"
"69033","Alt","Sefton","100","860","880"
"69035","Irwell","Bury Bridge","155","1400","1300"
"69037","Mersey","Westy","2030","1100","1100"
"69039","Medlock","New Viaduct Street","56","1000","1100"
"69041","Tame","Broomstairs","113","1300","1300"
"69042","Ding Brook","Naden Reservoir","2","1500","1400"
"69043","Irk","Collyhurst Weir","72","1000","1000"
"69044","Irwell","Bury Ground","140","1400","1400"
"69045","Bollin","Bollington Mill Total","257","880","870"
"69046","Bradshaw Brook","Bradshaw Tennis Club","37","1400","1400"
"69047","Roch","Littleborough","15","1400","1300"
"69048","Tame","Uppermill","41","1400","1300"
"69803","Roch","Rochdale","111","1300","1300"
"70001","Douglas","Rivington Reservoirs","39","1300","1200"
"70002","Douglas","Wanes Blades Bridge","198","1000","1000"
"70003","Douglas","Wigan","55","1100","1100"
"70004","Yarrow","Croston Mill","74","1100","1000"
"70005","Lostock","Littlewood Bridge","56","1000","1000"
"71001","Ribble","Samlesbury","1145","1400","1300"
"71002","Hodder","Stocks Reservoir","37","1700","1600"
"71003","Croasdale Beck","Croasdale Flume","10","1900","1800"
"71004","Calder","Whalley Weir","316","1200","1200"
"71005","Bottoms Beck","Bottoms Beck flume","11","1500","1500"
"71006","Ribble","Henthorn","456","1300","1300"
"71008","Hodder","Hodder Place","261","1600","1500"
"71009","Ribble","New Jumbles Rock","1053","1400","1300"
"71010","Pendle Water","Barden Lane","108","1200","1200"
"71011","Ribble","Arnford","204","1400","1500"
"71013","Darwen","Ewood","40","1300","1300"
"71014","Darwen","Blue Bridge","128","1200","1200"
"71015","Dunsop","Footholme Flume","25","1900","1900"
"72002","Wyre","St Michaels","275","1300","1300"
"72003","Hindburn","Wray","84","1600","1600"
"72004","Lune","Caton","983","1500","1500"
"72005","Lune","Killington","219","1700","1600"
"72006","Lune","Kirkby Lonsdale","507","1700","1600"
"72007","Brock","upstream of A6","32","1400","1400"
"72008","Wyre","Garstang","114","1400","1400"
"72009","Wenning","Wennington","142","1300","1300"
"72011","Rawthey","Brigflatts","200","1800","1700"
"72014","Conder","Galgate","29","1200","1300"
"72015","Lune","Lunes Bridge","142","1600","1600"
"72016","Wyre","Scorton Weir","89","1500","1500"
"72807","Wenning","Hornby","232","1400","1400"
"72817","New Mill Brook","Hollowforth Hall","32","1100","1100"
"73002","Crake","Low Nibthwaite","73","2200","2200"
"73003","Kent","Burneside","74","1900","1900"
"73005","Kent","Sedgwick","209","1700","1800"
"73006","Cunsey Beck","Eel House Bridge","19","1900","1900"
"73008","Bela","Beetham","131","1300","1300"
"73009","Sprint","Sprint Mill","35","2000","2100"
"73010","Leven","Newby Bridge","247","2200","2200"
"73011","Mint","Mint Bridge","66","1600","1700"
"73012","Kent","Victoria Bridge","183","1800","1800"
"73013","Rothay","Miller Bridge House","64","2400","2400"
"73014","Brathay","Jeffy Knotts","57","2800","2900"
"73015","Keer","High Keer Weir","48","1200","1200"
"73017","Kent","Bowston","71","1900","1900"
"74001","Duddon","Duddon Hall","86","2300","2400"
"74002","Irt","Galesyke","44","2600","2700"
"74003","Ehen","Bleach Green","44","2500","2600"
"74005","Ehen","Braystones","126","1800","1800"
"74006","Calder","Calder Hall","45","1800","1800"
"74007","Esk","Cropple How","70","2300","2400"
"74008","Duddon","Ulpha","48","2500","2600"
"75001","St Johns Beck","Thirlmere Reservoir","42","2600","2700"
"75002","Derwent","Camerton","663","1800","1900"
"75003","Derwent","Ouse Bridge","363","2100","2200"
"75004","Cocker","Southwaite Bridge","117","2000","2200"
"75005","Derwent","Portinscale","235","2200","2400"
"75006","Newlands Beck","Braithwaite","34","2400","2400"
"75007","Glenderamackin","Threlkeld","65","1700","1800"
"75009","Greta","Low Briery","146","2000","2100"
"75010","Marron","Ullock","28","1500","1700"
"75016","Cocker","Scalehill","64","2300","2400"
"75017","Ellen","Bullgill","96","1100","1200"
"75018","Derwent","Seaton Mill","","1800","1900"
"76001","Haweswater Beck","Burnbanks","33","2400","2400"
"76002","Eden","Warwick Bridge","1367","1300","1300"
"76003","Eamont","Udford","396","1800","1800"
"76004","Lowther","Eamont Bridge","159","1800","1800"
"76005","Eden","Temple Sowerby","616","1100","1200"
"76007","Eden","Sheepmount","2287","1200","1200"
"76008","Irthing","Greenholme","335","1100","1100"
"76009","Caldew","Holm Hill","147","1400","1500"
"76010","Petteril","Harraby Green","160","940","930"
"76011","Coal Burn","Coalburn","2","1100","1200"
"76014","Eden","Kirkby Stephen","69","1500","1400"
"76015","Eamont","Pooley Bridge","145","2100","2200"
"76017","Eden","Great Corby","1373","1300","1300"
"76019","Roe Beck","Stockdalewath","63","980","1000"
"76020","Petteril","Newbiggin Bridge","","",""
"76021","Eden","Great Musgrave Bridge","223","1300","1300"
"76809","Caldew","Cummersdale","244","1200","1300"
"76811","Dacre Beck","Dacre Bridge","36","1400","1500"
"77001","Esk","Netherby","842","1400","1400"
"77002","Esk","Canonbie","495","1400","1500"
"77003","Liddel Water","Rowanburnfoot","319","1300","1400"
"77004","Kirtle Water","Mossknowe","72","1200","1200"
"77005","Lyne","Cliff Bridge","191","1100","1100"
"78001","Annan","St Mungos Manse","730","1400","1500"
"78003","Annan","Brydekirk","925","1400","1400"
"78004","Kinnel Water","Redhall","76","1500","1600"
"78005","Kinnel Water","Bridgemuir","229","1400","1600"
"78006","Annan","Woodfoot","217","1600","1600"
"79001","Afton Water","Afton Reservoir","9","2200","2200"
"79002","Nith","Friars Carse","799","1500","1500"
"79003","Nith","Hall Bridge","155","1500","1600"
"79004","Scar Water","Capenoch","142","1600","1700"
"79005","Cluden Water","Fiddlers Ford","238","1400","1500"
"79006","Nith","Drumlanrig","471","1500","1600"
"79007","Lochar Water","Kirkblain Bridge","125","1100","1100"
"80001","Urr","Dalbeattie","199","1300","1400"
"80002","Dee","Glenlochar","809","1800","1700"
"80003","White Laggan Burn","Loch Dee","6","2500","2100"
"80004","Green Burn","Loch Dee","3","2400","2200"
"80005","Dargall Lane","Loch Dee","2","2400","2200"
"80006","Blackwater","Loch Dee","16","2400","2200"
"81001","Penwhirn Burn","Penwhirn Reservoir","18","1600","1500"
"81002","Cree","Newton Stewart","368","1800","1700"
"81003","Luce","Airyhemming","171","1500","1400"
"81004","Bladnoch","Low Malzie","334","1300","1300"
"81005","Piltanton Burn","Barsolus","34","1200","1100"
"81006","Water of Minnoch","Minnoch Bridge","141","2000","2000"
"81007","Water of Fleet","Rusko","77","1800","1800"
"82001","Girvan","Robstone","246","1400","1300"
"82002","Doon","Auchendrane","324","1600","1500"
"82003","Stinchar","Balnowlart","341","1500","1500"
"83002","Garnock","Dalry","89","1700","1700"
"83003","Ayr","Catrine","166","1300","1300"
"83004","Lugar Water","Langholm","181","1300","1300"
"83005","Irvine","Shewalton","381","1200","1200"
"83006","Ayr","Mainholm","574","1200","1200"
"83007","Lugton Water","Eglinton Castle","55","1300","1300"
"83008","Annick Water","Dreghorn","91","1300","1300"
"83009","Garnock","Kilwinning","184","1600","1500"
"83010","Irvine","Newmilns","73","1300","1400"
"83011","Ayr","Wellwood","60","1400","1400"
"83012","Gass Water","Welltrees","14","1300","1400"
"83013","Irvine","Glenfield","218","1200","1200"
"84001","Kelvin","Killermont","335","1300","1300"
"84002","Calder","Muirshiel","12","2300","2200"
"84003","Clyde","Hazelbank","1093","1200","1200"
"84004","Clyde","Sills of Clyde","742","1200","1200"
"84005","Clyde","Blairston","1704","1100","1200"
"84006","Kelvin","Bridgend","64","1300","1400"
"84007","South Calder Water","Forgewood","93","930","910"
"84008","Rotten Calder Water","Redlees","51","1200","1200"
"84009","Nethan","Kirkmuirhill","66","1200","1200"
"84011","Gryfe","Craigend","86","1800","1700"
"84012","White Cart Water","Hawkhead","235","1300","1300"
"84013","Clyde","Daldowie","1903","1100","1100"
"84014","Avon Water","Fairholm","266","1300","1300"
"84015","Kelvin","Dryfield","235","1300","1300"
"84016","Luggie Water","Condorrat","34","1100","1100"
"84017","Black Cart Water","Milliken Park","103","1800","1800"
"84018","Clyde","Tulliford Mill","933","1200","1200"
"84019","North Calder Water","Calderpark","130","970","930"
"84020","Glazert Water","Milton of Campsie","52","1600","1600"
"84022","Duneaton","Maidencots","110","1300","1300"
"84023","Bothlin Burn","Auchengeich","36","1000","1000"
"84024","North Calder Water","Hillend","20","1100","1000"
"84025","Luggie Water","Oxgang","88","1100","1000"
"84026","Allander Water","Milngavie","33","1400","1400"
"84027","North Calder Water","Calderbank","61","1000","970"
"84029","Cander Water","Candermill","25","1000","1100"
"84030","White Cart Water","Overlee","106","1400","1300"
"84031","Watstone Burn","Watstone","5","1000","1100"
"84032","Bagabout Burn","Giffnock","5","1100","1100"
"84033","White Cart Water","MacQuisten Bridge","120","1300","1300"
"84034","Auldhouse Burn","Spiers Bridge","17","1300","1300"
"84035","Kittoch Water","Waterside","17","1200","1100"
"84036","Earn Water","Letham","20","1500","1500"
"84037","Douglas Water","Happendon","97","1200","1300"
"85001","Leven","Linnbrane","784","2000","2000"
"85002","Endrick Water","Gaidrew","220","1500","1400"
"85003","Falloch","Glen Falloch","80","2800","2800"
"85004","Luss Water","Luss","35","2300","2400"
"86001","Little Eachaig","Dalinlongart","31","2300","2400"
"86002","Eachaig","Eckford","140","2500","2600"
"88001","Carradale","Dippen","59","1800","1700"
"89002","Linne nam Beathach","Victoria Bridge","51","3000","2900"
"89003","Orchy","Glen Orchy","251","2700","2600"
"89004","Strae","Glen Strae","36","2800","2900"
"89005","Lochy","Inverlochy","48","2900","2700"
"89006","Avich","Barnaline Lodge","32","2300","2200"
"89007","Abhainn a' Bhealaich","Braevallich","24","2500","2500"
"89008","Eas Daimh","Eas Daimh","5","3100","2700"
"89009","Eas a' Ghaill","Succoth","10","3000","2500"
"90003","Nevis","Claggan","69","2900","2700"
"91002","Lochy","Camisky","1252","2200","2200"
"91802","Allt Leachdach","Intake","7","2600","2400"
"92001","Shiel","Shielfoot","256","2800","2700"
"92002","Allt Coire nan Con","Polloch","8","2500","2600"
"92003","Strontian","Ariundle","25","2700","2700"
"92004","Aline","Craigendarroch","104","2300","2300"
"93001","Carron","New Kelso","138","2600","2500"
"93002","Ling","Killilan","133","2600","2700"
"94001","Ewe","Poolewe","441","2300","2300"
"94003","Kerry","Faich Bhiorach","42","2300","2400"
"95001","Inver","Little Assynt","138","2200","2000"
"95002","Broom","Inverbroom","141","2000","2300"
"95003","Langwell","Langwell Lodge","31","1900","2000"
"95004","Abhainn a'Chnocain","Elphin","11","2000","2100"
"95005","Laxford","Laxford Bridge","113","2100","2300"
"95006","Rhidorroch","Rhidorroch","77","1900","2000"
"96001","Halladale","Halladale","205","1100","1100"
"96002","Naver","Apigill","477","1400","1500"
"96003","Strathy","Strathy Bridge","112","1100","1100"
"96004","Strathmore","Allnabad","105","2500","2700"
"96005","Dionard","Dionard","73","2300","2200"
"96006","Borgie","Borgie Bridge","139","1300","1400"
"97002","Thurso","Halkirk","413","1100","1000"
"101001","Eastern Yar","Alverstone Mill","58","850","910"
"101002","Medina","Shide","30","840","910"
"101003","Lukely Brook","Carisbrooke Mill","16","860","900"
"101004","Eastern Yar","Burnt House","60","840","910"
"101005","Eastern Yar","Budbridge","23","840","920"
"101006","Wroxall Stream","Waightshale","16","870","910"
"101007","Scotchells Brook","Burnt House","9","850","900"
"102001","Cefni","Bodffordd","22","1100","1100"
"105001","Snizort","Skeabost","81","2200","2000"
"106001","Creed","Creed Bridge","43","1500","1300"
"106002","Laxdale","Laxdale","11","2000","1700"
"106003","Abhainn Roag","Mill Croft","14","1700","1500"
"107001","Durkadale","Durkadale","19","1200","1100"
"201002","Fairywater","Dudgeon Bridge","158","1300","1200"
"201005","Camowen","Camowen Terrace","277","1100","1200"
"201006","Drumragh","Campsie Bridge","320","1200","1200"
"201007","Burn Dennet","Burndennet","148","1200","1200"
"201008","Derg","Castlederg","335","1600","1500"
"201009","Owenkillew","Crosh","440","1400","1300"
"201010","Mourne","Drumnabuoy House","1844","1300","1300"
"202001","Roe","Ardnargle","364","1300","1200"
"202002","Faughan","Drumahoe","273","1200","1200"
"203010","Blackwater","Maydown Bridge","970","1000","1000"
"203011","Main","Dromona","244","1200","1300"
"203012","Ballinderry","Ballinderry Bridge","430","1100","1100"
"203017","Upper Bann","Dynes Bridge","316","1000","1100"
"203018","Six-Mile Water","Antrim","278","1100","1100"
"203019","Claudy","Glenone Bridge","126","1100","1100"
"203020","Moyola","Moyola New Bridge","304","1200","1200"
"203021","Kellswater","Curry's Bridge","126","1200","1200"
"203022","Blackwater","Derrymeen Bridge","183","1100","1100"
"203024","Cusher","Gamble's Bridge","171","1000","1000"
"203025","Callan","Martin's Bridge","167","930","980"
"203026","Glenavy","Glenavy","45","990","1000"
"203027","Braid","Ballee","177","1200","1200"
"203028","Agivey","Whitehill","101","1300","1300"
"203029","Six-Mile Water","Ballyclare","58","1200","1200"
"203033","Upper Bann","Bannfield","102","1300","1300"
"203038","Rocky","Rocky Mountain","8","1600","1600"
"203039","Clogh","Tullynewey","99","1300","1400"
"203040","Lower Bann","Movanagher","5210","1000","1000"
"203042","Crumlin","Cidercourt Bridge","55","990","1000"
"203043","Oonawater","Shanmoy","94","1000","1100"
"203046","Rathmore Burn","Rathmore Bridge","23","1000","1100"
"203049","Clady","Clady Bridge","29","1100","1100"
"203050","Ballysally Blagh","University of Ulster","14","970","930"
"203092","Main","Dunminning","222","1200","1300"
"203093","Main","Shane's Viaduct","707","1200","1200"
"203097","Upper Bann","Moyallen","305","1000","1100"
"204001","Bush","Seneirl Bridge","299","1100","1200"
"205003","Lagan","Dunmurry","445","910","950"
"205004","Lagan","Newforge","492","920","950"
"205005","Ravernet","Ravernet","74","950","940"
"205008","Lagan","Drumiller","85","1000","1100"
"205010","Lagan","Banoge","190","930","990"
"205011","Annacloy","Kilmore Bridge","187","970","970"
"205015","Cotton","Grandmere","19","860","920"
"205020","Enler","Comber","62","930","960"
"205029","Lagan","Feeny","203","910","970"
"205034","Woodburn","Control","0","1200","1200"
"205101","Blackstaff","Eason's","13","990","990"
"205105","Knock","Orangefield","13","920","970"
"206001","Clanrye","Mountmill Bridge","120","980","1100"
"206002","Jerretspass","Jerretspass","108","-10000",""
"206004","Bessbrook","Carnbane","25","1100","1100"
"206006","Annalong","Recorder","14","1700","1600"
"236005","Colebrooke","Ballindarragh Bridge","314","1200","1100"
"236007","Sillees","Drumrainey Bridge","166","1300","1400"
"236051","Ballinamallard","Ballycassidy","159","1100","1100"